{
"B0":1.0,
"CN0":0.9923780370404612,
"CTe":1.0,
"CTi":1.0,
"R0":239.8081535,
"deltaR":8.0,
"deltaRN0":2.9,
"deltaRTe":1.45,
"deltaRTi":1.45,
"dt":2,
"eps":1e-06,
"eps0":8.854187817e-12,
"iotaVal":0.8,
"kN0":0.055,
"kTe":0.27586,
"kTi":0.27586,
"m":15,
"n":-11,
"npts":[256, 512, 32, 128],
"rMax":14.5,
"rMin":0.1,
"rp":7.3,
"splineDegrees":[3, 3, 3, 3],
"vMax":7.32,
"vMin":-7.32,
"zMax":1506.7590666130668,
"zMin":0.0
}
